Workbook

Sheet 01_Customer_Tracker
A1: customer_id | B1: company_name | C1: industry | D1: employee_count | E1: onboarding_start_date | F1: target_closure_date | G1: current_stage | H1: status | I1: total_tasks | J1: completed_tasks | K1: completion_pct | L1: blocked_tasks | M1: days_remaining | N1: sla_status | P1: Reference Date: | Q1: 46283
A2: C001 | B2: Everest Systems | C2: EdTech | D2: 20 | E2: 46245 | F2: 46309 | G2: Approval | H2: Blocked | I2: =COUNTIF('04_Task_Pipeline'!$B:$B,A2) | J2: =COUNTIFS('04_Task_Pipeline'!$B:$B,A2,'04_Task_Pipeline'!$F:$F,"Completed") | K2: =IF(I2=0,0,J2/I2) | L2: =COUNTIFS('04_Task_Pipeline'!$B:$B,A2,'04_Task_Pipeline'!$F:$F,"Blocked") | M2: =F2-$Q$1 | N2: =IF(G2="Completed","Completed",IF(L2>0,"Blocked",IF(M2<0,"SLA Breach",IF(AND(M2<=7,K2<0.75),"At Risk",IF(AND(M2<=14,K2<0.5),"At Risk","On Track")))))
A3: C002 | B3: Anchor Works | C3: Hospitality | D3: 32 | E3: 46227 | F3: 46288 | G3: Documents | H3: At Risk | I3: =COUNTIF('04_Task_Pipeline'!$B:$B,A3) | J3: =COUNTIFS('04_Task_Pipeline'!$B:$B,A3,'04_Task_Pipeline'!$F:$F,"Completed") | K3: =IF(I3=0,0,J3/I3) | L3: =COUNTIFS('04_Task_Pipeline'!$B:$B,A3,'04_Task_Pipeline'!$F:$F,"Blocked") | M3: =F3-$Q$1 | N3: =IF(G3="Completed","Completed",IF(L3>0,"Blocked",IF(M3<0,"SLA Breach",IF(AND(M3<=7,K3<0.75),"At Risk",IF(AND(M3<=14,K3<0.5),"At Risk","On Track")))))
A4: C003 | B4: Zenith Solutions | C4: E-commerce | D4: 38 | E4: 46223 | F4: 46278 | G4: Completed | H4: Completed | I4: =COUNTIF('04_Task_Pipeline'!$B:$B,A4) | J4: =COUNTIFS('04_Task_Pipeline'!$B:$B,A4,'04_Task_Pipeline'!$F:$F,"Completed") | K4: =IF(I4=0,0,J4/I4) | L4: =COUNTIFS('04_Task_Pipeline'!$B:$B,A4,'04_Task_Pipeline'!$F:$F,"Blocked") | M4: =F4-$Q$1 | N4: =IF(G4="Completed","Completed",IF(L4>0,"Blocked",IF(M4<0,"SLA Breach",IF(AND(M4<=7,K4<0.75),"At Risk",IF(AND(M4<=14,K4<0.5),"At Risk","On Track")))))
A5: C004 | B5: Bridge Industries | C5: Logistics | D5: 12 | E5: 46268 | F5: 46320 | G5: Documents | H5: On Track | I5: =COUNTIF('04_Task_Pipeline'!$B:$B,A5) | J5: =COUNTIFS('04_Task_Pipeline'!$B:$B,A5,'04_Task_Pipeline'!$F:$F,"Completed") | K5: =IF(I5=0,0,J5/I5) | L5: =COUNTIFS('04_Task_Pipeline'!$B:$B,A5,'04_Task_Pipeline'!$F:$F,"Blocked") | M5: =F5-$Q$1 | N5: =IF(G5="Completed","Completed",IF(L5>0,"Blocked",IF(M5<0,"SLA Breach",IF(AND(M5<=7,K5<0.75),"At Risk",IF(AND(M5<=14,K5<0.5),"At Risk","On Track")))))
A6: C005 | B6: Nimbus Group | C6: E-commerce | D6: 32 | E6: 46228 | F6: 46272 | G6: Completed | H6: Completed | I6: =COUNTIF('04_Task_Pipeline'!$B:$B,A6) | J6: =COUNTIFS('04_Task_Pipeline'!$B:$B,A6,'04_Task_Pipeline'!$F:$F,"Completed") | K6: =IF(I6=0,0,J6/I6) | L6: =COUNTIFS('04_Task_Pipeline'!$B:$B,A6,'04_Task_Pipeline'!$F:$F,"Blocked") | M6: =F6-$Q$1 | N6: =IF(G6="Completed","Completed",IF(L6>0,"Blocked",IF(M6<0,"SLA Breach",IF(AND(M6<=7,K6<0.75),"At Risk",IF(AND(M6<=14,K6<0.5),"At Risk","On Track")))))
A7: C006 | B7: Wavelength Works | C7: EdTech | D7: 32 | E7: 46224 | F7: 46261 | G7: Payroll Setup | H7: Blocked | I7: =COUNTIF('04_Task_Pipeline'!$B:$B,A7) | J7: =COUNTIFS('04_Task_Pipeline'!$B:$B,A7,'04_Task_Pipeline'!$F:$F,"Completed") | K7: =IF(I7=0,0,J7/I7) | L7: =COUNTIFS('04_Task_Pipeline'!$B:$B,A7,'04_Task_Pipeline'!$F:$F,"Blocked") | M7: =F7-$Q$1 | N7: =IF(G7="Completed","Completed",IF(L7>0,"Blocked",IF(M7<0,"SLA Breach",IF(AND(M7<=7,K7<0.75),"At Risk",IF(AND(M7<=14,K7<0.5),"At Risk","On Track")))))
A8: C007 | B8: Bridge Technologies | C8: Hospitality | D8: 29 | E8: 46214 | F8: 46273 | G8: Completed | H8: Completed | I8: =COUNTIF('04_Task_Pipeline'!$B:$B,A8) | J8: =COUNTIFS('04_Task_Pipeline'!$B:$B,A8,'04_Task_Pipeline'!$F:$F,"Completed") | K8: =IF(I8=0,0,J8/I8) | L8: =COUNTIFS('04_Task_Pipeline'!$B:$B,A8,'04_Task_Pipeline'!$F:$F,"Blocked") | M8: =F8-$Q$1 | N8: =IF(G8="Completed","Completed",IF(L8>0,"Blocked",IF(M8<0,"SLA Breach",IF(AND(M8<=7,K8<0.75),"At Risk",IF(AND(M8<=14,K8<0.5),"At Risk","On Track")))))
A9: C008 | B9: Union Solutions | C9: Media & Entertainment | D9: 17 | E9: 46269 | F9: 46317 | G9: Employee Upload | H9: On Track | I9: =COUNTIF('04_Task_Pipeline'!$B:$B,A9) | J9: =COUNTIFS('04_Task_Pipeline'!$B:$B,A9,'04_Task_Pipeline'!$F:$F,"Completed") | K9: =IF(I9=0,0,J9/I9) | L9: =COUNTIFS('04_Task_Pipeline'!$B:$B,A9,'04_Task_Pipeline'!$F:$F,"Blocked") | M9: =F9-$Q$1 | N9: =IF(G9="Completed","Completed",IF(L9>0,"Blocked",IF(M9<0,"SLA Breach",IF(AND(M9<=7,K9<0.75),"At Risk",IF(AND(M9<=14,K9<0.5),"At Risk","On Track")))))
A10: C009 | B10: Ironclad Industries | C10: Healthcare | D10: 12 | E10: 46237 | F10: 46293 | G10: Payroll Setup | H10: On Track | I10: =COUNTIF('04_Task_Pipeline'!$B:$B,A10) | J10: =COUNTIFS('04_Task_Pipeline'!$B:$B,A10,'04_Task_Pipeline'!$F:$F,"Completed") | K10: =IF(I10=0,0,J10/I10) | L10: =COUNTIFS('04_Task_Pipeline'!$B:$B,A10,'04_Task_Pipeline'!$F:$F,"Blocked") | M10: =F10-$Q$1 | N10: =IF(G10="Completed","Completed",IF(L10>0,"Blocked",IF(M10<0,"SLA Breach",IF(AND(M10<=7,K10<0.75),"At Risk",IF(AND(M10<=14,K10<0.5),"At Risk","On Track")))))
A11: C010 | B11: Fjord Group | C11: IT Services | D11: 15 | E11: 46224 | F11: 46287 | G11: Completed | H11: Completed | I11: =COUNTIF('04_Task_Pipeline'!$B:$B,A11) | J11: =COUNTIFS('04_Task_Pipeline'!$B:$B,A11,'04_Task_Pipeline'!$F:$F,"Completed") | K11: =IF(I11=0,0,J11/I11) | L11: =COUNTIFS('04_Task_Pipeline'!$B:$B,A11,'04_Task_Pipeline'!$F:$F,"Blocked") | M11: =F11-$Q$1 | N11: =IF(G11="Completed","Completed",IF(L11>0,"Blocked",IF(M11<0,"SLA Breach",IF(AND(M11<=7,K11<0.75),"At Risk",IF(AND(M11<=14,K11<0.5),"At Risk","On Track")))))
A12: C011 | B12: Quill Industries | C12: Retail | D12: 14 | E12: 46258 | F12: 46315 | G12: Documents | H12: On Track | I12: =COUNTIF('04_Task_Pipeline'!$B:$B,A12) | J12: =COUNTIFS('04_Task_Pipeline'!$B:$B,A12,'04_Task_Pipeline'!$F:$F,"Completed") | K12: =IF(I12=0,0,J12/I12) | L12: =COUNTIFS('04_Task_Pipeline'!$B:$B,A12,'04_Task_Pipeline'!$F:$F,"Blocked") | M12: =F12-$Q$1 | N12: =IF(G12="Completed","Completed",IF(L12>0,"Blocked",IF(M12<0,"SLA Breach",IF(AND(M12<=7,K12<0.75),"At Risk",IF(AND(M12<=14,K12<0.5),"At Risk","On Track")))))
A13: C012 | B13: Onyx Services | C13: Hospitality | D13: 33 | E13: 46223 | F13: 46279 | G13: Approval | H13: At Risk | I13: =COUNTIF('04_Task_Pipeline'!$B:$B,A13) | J13: =COUNTIFS('04_Task_Pipeline'!$B:$B,A13,'04_Task_Pipeline'!$F:$F,"Completed") | K13: =IF(I13=0,0,J13/I13) | L13: =COUNTIFS('04_Task_Pipeline'!$B:$B,A13,'04_Task_Pipeline'!$F:$F,"Blocked") | M13: =F13-$Q$1 | N13: =IF(G13="Completed","Completed",IF(L13>0,"Blocked",IF(M13<0,"SLA Breach",IF(AND(M13<=7,K13<0.75),"At Risk",IF(AND(M13<=14,K13<0.5),"At Risk","On Track")))))
... A51: C050 | B51: Orbit Systems | C51: Manufacturing | D51: 33 | E51: 46243 | F51: 46282 | G51: Customer Review | H51: At Risk | I51: =COUNTIF('04_Task_Pipeline'!$B:$B,A51) | J51: =COUNTIFS('04_Task_Pipeline'!$B:$B,A51,'04_Task_Pipeline'!$F:$F,"Completed") | K51: =IF(I51=0,0,J51/I51) | L51: =COUNTIFS('04_Task_Pipeline'!$B:$B,A51,'04_Task_Pipeline'!$F:$F,"Blocked") | M51: =F51-$Q$1 | N51: =IF(G51="Completed","Completed",IF(L51>0,"Blocked",IF(M51<0,"SLA Breach",IF(AND(M51<=7,K51<0.75),"At Risk",IF(AND(M51<=14,K51<0.5),"At Risk","On Track")))))

Sheet 02_Employee_Master
A1: employee_id | B1: customer_id | C1: name | D1: department | E1: basic_pay | F1: hra | G1: special_allowance | H1: overtime_pay | I1: bonus | J1: bank_account_no | K1: pan_number | L1: uan_number | M1: attendance_days | N1: lop_days | O1: customer_name
A2: E001 | B2: C041 | C2: Amit Chatterjee | D2: HR | E2: 34174 | F2: 13670 | G2: 10053 | H2: 1835 | I2: 0 | J2: 193327551503 | K2: XEOIC4843Q | L2: 959814485368 | M2: 29 | N2: 0 | O2: =IFERROR(INDEX('01_Customer_Tracker'!$B:$B,MATCH(B2,'01_Customer_Tracker'!$A:$A,0)),"")
A3: E002 | B3: C032 | C3: Kabir Gupta | D3: Engineering | E3: 85351 | F3: 34140 | G3: 11577 | H3: 5047 | I3: 618 | J3: 253605945389 | K3: OBZLG5644U | L3: 145864434317 | M3: 26 | N3: 1 | O3: =IFERROR(INDEX('01_Customer_Tracker'!$B:$B,MATCH(B3,'01_Customer_Tracker'!$A:$A,0)),"")
A4: E003 | B4: C046 | C4: Myra Menon | D4: Engineering | E4: 82334 | F4: 32934 | G4: 8830 | H4: 2958 | I4: 1242 | J4: 400184519405 | K4: FKDAH2008K | L4: 101109756260 | M4: 30 | N4: 0 | O4: =IFERROR(INDEX('01_Customer_Tracker'!$B:$B,MATCH(B4,'01_Customer_Tracker'!$A:$A,0)),"")
A5: E004 | B5: C032 | C5: Ananya Kapoor | D5: Engineering | E5: 39982 | F5: 15993 | G5: 5806 | H5: 1379 | I5: 0 | J5: 842791669151 | K5: NGFIP3182X | L5: 714932521892 | M5: 27 | N5: 2 | O5: =IFERROR(INDEX('01_Customer_Tracker'!$B:$B,MATCH(B5,'01_Customer_Tracker'!$A:$A,0)),"")
A6: E005 | B6: C048 | C6: Aadhya Iyer | D6: Marketing | E6: 51197 | F6: 20479 | G6: 2009 | H6: 2026 | I6: 0 | J6: 158949471441 | K6: LPBID1185X | L6: 108333803639 | M6: 30 | N6: 0 | O6: =IFERROR(INDEX('01_Customer_Tracker'!$B:$B,MATCH(B6,'01_Customer_Tracker'!$A:$A,0)),"")
A7: E006 | B7: C038 | C7: Reyansh Gupta | D7: HR | E7: 61511 | F7: 24604 | G7: 6492 | H7: 1188 | I7: 0 | J7: 594293428937 | K7: RWMAH8679N | M7: 28 | N7: 0 | O7: =IFERROR(INDEX('01_Customer_Tracker'!$B:$B,MATCH(B7,'01_Customer_Tracker'!$A:$A,0)),"")
A8: E007 | B8: C030 | C8: Amit Agarwal | D8: Operations | E8: 34069 | F8: 13628 | G8: 4108 | H8: 2503 | I8: 0 | J8: 607390209789 | K8: XZCJT8317D | L8: 819292170016 | M8: 26 | N8: 0 | O8: =IFERROR(INDEX('01_Customer_Tracker'!$B:$B,MATCH(B8,'01_Customer_Tracker'!$A:$A,0)),"")
A9: E008 | B9: C005 | C9: Diya Iyer | D9: Finance | E9: 46051 | F9: 18420 | G9: 8174 | H9: 1170 | I9: 5171 | K9: AJASE6931S | L9: 737282112114 | M9: 26 | N9: 0 | O9: =IFERROR(INDEX('01_Customer_Tracker'!$B:$B,MATCH(B9,'01_Customer_Tracker'!$A:$A,0)),"")
A10: E009 | B10: C012 | C10: Priya Gupta | D10: Marketing | E10: 26095 | F10: 10438 | G10: 7735 | H10: 493 | I10: 756 | J10: 696164472659 | K10: BEUND9924G | L10: 114921821707 | M10: 24 | N10: 0 | O10: =IFERROR(INDEX('01_Customer_Tracker'!$B:$B,MATCH(B10,'01_Customer_Tracker'!$A:$A,0)),"")
A11: E191 | B11: C030 | C11: Aryan Chatterjee | D11: Operations | E11: 24518 | F11: 9807 | G11: 7513 | H11: 1759 | I11: 0 | J11: 540838408979 | K11: EQEHS1454L | L11: 365279673882 | M11: 28 | N11: 0 | O11: =IFERROR(INDEX('01_Customer_Tracker'!$B:$B,MATCH(B11,'01_Customer_Tracker'!$A:$A,0)),"")
A12: E011 | B12: C009 | C12: Amit Pillai | D12: Sales | E12: 16362 | F12: 6545 | G12: 2045 | H12: 779 | I12: 5084 | J12: 261127861495 | K12: WQPEO5726K | L12: 709858687239 | M12: 27 | N12: 0 | O12: =IFERROR(INDEX('01_Customer_Tracker'!$B:$B,MATCH(B12,'01_Customer_Tracker'!$A:$A,0)),"")
A13: E012 | B13: C031 | C13: Priya Nair | D13: Support | E13: 68821 | F13: 27528 | G13: 11825 | H13: 824 | I13: 0 | J13: 22345179161 | K13: KAUJN4851K | L13: 184664766780 | M13: 29 | N13: 0 | O13: =IFERROR(INDEX('01_Customer_Tracker'!$B:$B,MATCH(B13,'01_Customer_Tracker'!$A:$A,0)),"")
A14: E013 | B14: C048 | C14: Karan Reddy | D14: HR | E14: 50159 | F14: 20064 | G14: 3068 | H14: 1442 | I14: 5769 | J14: 207546572970 | L14: 760145414105 | M14: 27 | N14: 0 | O14: =IFERROR(INDEX('01_Customer_Tracker'!$B:$B,MATCH(B14,'01_Customer_Tracker'!$A:$A,0)),"")
A15: E014 | B15: C005 | C15: Om Singh | D15: Operations | E15: 53776 | F15: 21510 | G15: 2432 | H15: 3190 | I15: 0 | J15: 785130528725 | K15: YOLCU9134S | L15: 818287692235 | M15: 30 | N15: 0 | O15: =IFERROR(INDEX('01_Customer_Tracker'!$B:$B,MATCH(B15,'01_Customer_Tracker'!$A:$A,0)),"")
A16: E015 | B16: C003 | C16: Ishaan Mehta | D16: Support | E16: 49185 | F16: 19674 | G16: 1742 | H16: 827 | I16: 0 | J16: 722119408353 | K16: ZYXQK6639I | L16: 647867016007 | M16: 27 | N16: 0 | O16: =IFERROR(INDEX('01_Customer_Tracker'!$B:$B,MATCH(B16,'01_Customer_Tracker'!$A:$A,0)),"")
A17: E016 | B17: C032 | C17: Aryan Sharma | D17: HR | E17: 58183 | F17: 23273 | G17: 11321 | H17: 2346 | I17: 2805 | J17: 383433923053 | K17: JKTDI2465I | L17: 405529978787 | M17: 28 | N17: 0 | O17: =IFERROR(INDEX('01_Customer_Tracker'!$B:$B,MATCH(B17,'01_Customer_Tracker'!$A:$A,0)),"")
A18: E017 | B18: C048 | C18: Priya Iyer | D18: Sales | E18: 22419 | F18: 8968 | G18: 6465 | H18: 1351 | I18: 0 | J18: 285332223302 | K18: MFZEM5697B | L18: 333495855868 | M18: 27 | N18: 0 | O18: =IFERROR(INDEX('01_Customer_Tracker'!$B:$B,MATCH(B18,'01_Customer_Tracker'!$A:$A,0)),"")
A19: E018 | B19: C026 | C19: Riya Verma | D19: Marketing | E19: 33356 | F19: 13342 | G19: 8351 | H19: 1796 | I19: 2973 | J19: 259911927643 | K19: DHITH8889U | L19: 986111747424 | M19: 30 | N19: 0 | O19: =IFERROR(INDEX('01_Customer_Tracker'!$B:$B,MATCH(B19,'01_Customer_Tracker'!$A:$A,0)),"")
A20: E019 | B20: C031 | C20: Kiara Chauhan | D20: HR | E20: 20386 | F20: 8154 | G20: 5806 | H20: 224 | I20: 1334 | J20: 106008109818 | L20: 248780191030 | M20: 24 | N20: 0 | O20: =IFERROR(INDEX('01_Customer_Tracker'!$B:$B,MATCH(B20,'01_Customer_Tracker'!$A:$A,0)),"")
A21: E020 | B21: C039 | C21: Arjun Agarwal | D21: Operations | E21: 58817 | F21: 23527 | G21: 7002 | H21: 3458 | I21: 5087 | J21: 410806414781 | K21: JCTAU1388F | L21: 947384971063 | M21: 26 | N21: 0 | O21: =IFERROR(INDEX('01_Customer_Tracker'!$B:$B,MATCH(B21,'01_Customer_Tracker'!$A:$A,0)),"")
A22: E021 | B22: C015 | C22: Arjun Rao | D22: Engineering | E22: 43867 | F22: 17547 | G22: 4277 | H22: 624 | I22: 5078 | J22: 419432251996 | K22: BLEGW7391D | L22: 887117625869 | M22: 29 | N22: 0 | O22: =IFERROR(INDEX('01_Customer_Tracker'!$B:$B,MATCH(B22,'01_Customer_Tracker'!$A:$A,0)),"")
A23: E022 | B23: C043 | C23: Dhruv Joshi | D23: Support | E23: 33630 | F23: 13452 | G23: 4997 | H23: 658 | I23: 219 | J23: 889108940318 | K23: YAUIN3539M | L23: 576771099563 | M23: 26 | N23: 0 | O23: =IFERROR(INDEX('01_Customer_Tracker'!$B:$B,MATCH(B23,'01_Customer_Tracker'!$A:$A,0)),"")
A24: E023 | B24: C021 | C24: Dhruv Singh | D24: Engineering | E24: 41978 | F24: 16791 | G24: 2819 | H24: 612 | I24: 0 | J24: 953673469655 | K24: YDEJO9637F | L24: 327866145513 | M24: 30 | N24: 0 | O24: =IFERROR(INDEX('01_Customer_Tracker'!$B:$B,MATCH(B24,'01_Customer_Tracker'!$A:$A,0)),"")
A25: E024 | B25: C046 | C25: Reyansh Kulkarni | D25: Engineering | E25: 39114 | F25: 15646 | G25: 11111 | H25: 1902 | I25: 0 | J25: 406446732792 | K25: NNREV9896D | L25: 767453169457 | M25: 29 | N25: 0 | O25: =IFERROR(INDEX('01_Customer_Tracker'!$B:$B,MATCH(B25,'01_Customer_Tracker'!$A:$A,0)),"")
A26: E025 | B26: C043 | C26: Tanvi Reddy | D26: Support | E26: 84049 | F26: 33620 | G26: 8659 | H26: 2295 | I26: 5590 | J26: 796512460190 | K26: IRQBT6735U | L26: 290759149972 | M26: 25 | N26: 0 | O26: =IFERROR(INDEX('01_Customer_Tracker'!$B:$B,MATCH(B26,'01_Customer_Tracker'!$A:$A,0)),"")
A27: E026 | B27: C022 | C27: Varun Nair | D27: HR | E27: 71546 | F27: 28618 | G27: 1524 | H27: 3162 | I27: 5960 | J27: 71442475474 | K27: KLUDL2370U | L27: 453634652412 | M27: 28 | N27: 0 | O27: =IFERROR(INDEX('01_Customer_Tracker'!$B:$B,MATCH(B27,'01_Customer_Tracker'!$A:$A,0)),"")
A28: E027 | B28: C047 | C28: Om Patel | D28: Operations | E28: 69463 | F28: 27785 | G28: 9055 | H28: 2562 | I28: 0 | J28: 603698403148 | K28: BMPYN4084O | L28: 710284654791 | M28: 25 | N28: 0 | O28: =IFERROR(INDEX('01_Customer_Tracker'!$B:$B,MATCH(B28,'01_Customer_Tracker'!$A:$A,0)),"")
A29: E028 | B29: C033 | C29: Aryan Sharma | D29: Marketing | E29: 48722 | F29: 19489 | G29: 4541 | H29: 3478 | I29: 0 | J29: 991889639331 | K29: LNTRE3722J | L29: 429701939700 | M29: 30 | N29: 0 | O29: =IFERROR(INDEX('01_Customer_Tracker'!$B:$B,MATCH(B29,'01_Customer_Tracker'!$A:$A,0)),"")
A30: E029 | B30: C039 | C30: Myra Mehta | D30: Marketing | E30: 57136 | F30: 22854 | G30: 3069 | H30: 3289 | I30: 0 | J30: 908015463639 | K30: IKEQK4080S | L30: 496045097409 | M30: 26 | N30: 2 | O30: =IFERROR(INDEX('01_Customer_Tracker'!$B:$B,MATCH(B30,'01_Customer_Tracker'!$A:$A,0)),"")
A31: E030 | B31: C035 | C31: Vihaan Patel | D31: HR | E31: 24847 | F31: 9939 | G31: 8382 | H31: 1456 | I31: 3977 | J31: 333281374244 | K31: UFEUY8744T | L31: 701064242962 | M31: 25 | N31: 2 | O31: =IFERROR(INDEX('01_Customer_Tracker'!$B:$B,MATCH(B31,'01_Customer_Tracker'!$A:$A,0)),"")
A32: E031 | B32: C002 | C32: Diya Menon | D32: Engineering | E32: 36040 | F32: 14416 | G32: 4476 | H32: 810 | I32: 0 | J32: 210497183844 | K32: RYOOS7921Y | L32: 649054434597 | M32: 29 | N32: 0 | O32: =IFERROR(INDEX('01_Customer_Tracker'!$B:$B,MATCH(B32,'01_Customer_Tracker'!$A:$A,0)),"")
... A69: E068 | B69: C006 | C69: Rohan Kulkarni | D69: Sales | E69: 68633 | F69: 27453 | G69: 11335 | H69: 4188 | I69: 1127 | J69: 502671225341 | K69: NNANY4929H | L69: 537652551403 | M69: 30 | N69: 0 | O69: =IFERROR(INDEX('01_Customer_Tracker'!$B:$B,MATCH(B69,'01_Customer_Tracker'!$A:$A,0)),"")
A70: E069 | B70: C048 | C70: Varun Mehta | D70: Marketing | E70: 20011 | F70: 8004 | G70: 9206 | H70: 948 | I70: 4318 | K70: QPZAM5448X | L70: 528005055909 | M70: 29 | N70: 0 | O70: =IFERROR(INDEX('01_Customer_Tracker'!$B:$B,MATCH(B70,'01_Customer_Tracker'!$A:$A,0)),"")
A71: E070 | B71: C010 | C71: Aditya Rao | D71: HR | E71: 71070 | F71: 28428 | G71: 9708 | H71: 5135 | I71: 0 | J71: 857666713757 | K71: LUQHJ4914R | L71: 704668769751 | M71: 30 | N71: 0 | O71: =IFERROR(INDEX('01_Customer_Tracker'!$B:$B,MATCH(B71,'01_Customer_Tracker'!$A:$A,0)),"")
A72: E071 | B72: C023 | C72: Rahul Chatterjee | D72: Operations | E72: 62182 | F72: 24873 | G72: 10027 | H72: 40418 | I72: 0 | J72: 465112369808 | K72: NNFPT4146D | L72: 278725297177 | M72: 26 | N72: 0 | O72: =IFERROR(INDEX('01_Customer_Tracker'!$B:$B,MATCH(B72,'01_Customer_Tracker'!$A:$A,0)),"")
A73: E072 | B73: C034 | C73: Om Iyer | D73: Marketing | E73: 69933 | F73: 27973 | G73: 4362 | H73: 3150 | I73: 0 | J73: 162878857141 | K73: CHFKH3952N | L73: 894543009429 | M73: 29 | N73: 0 | O73: =IFERROR(INDEX('01_Customer_Tracker'!$B:$B,MATCH(B73,'01_Customer_Tracker'!$A:$A,0)),"")
A74: E073 | B74: C041 | C74: Sneha Pillai | D74: Sales | E74: 71345 | F74: 28538 | G74: 5255 | H74: 4494 | I74: 2870 | J74: 280695405105 | K74: GIJDS5951V | L74: 162938468329 | M74: 28 | N74: 0 | O74: =IFERROR(INDEX('01_Customer_Tracker'!$B:$B,MATCH(B74,'01_Customer_Tracker'!$A:$A,0)),"")
A75: E074 | B75: C034 | C75: Rohan Menon | D75: HR | E75: 71099 | F75: 28440 | G75: 2644 | H75: 4635 | I75: 0 | J75: 822351511812 | K75: HGIJE2587G | L75: 452854020173 | M75: 27 | N75: 2 | O75: =IFERROR(INDEX('01_Customer_Tracker'!$B:$B,MATCH(B75,'01_Customer_Tracker'!$A:$A,0)),"")
A76: E075 | B76: C021 | C76: Sneha Reddy | D76: Operations | E76: 28766 | F76: 11506 | G76: 4364 | H76: 841 | I76: 0 | J76: 309934982548 | K76: DWJXG5853T | L76: 937003012618 | M76: 26 | N76: 0 | O76: =IFERROR(INDEX('01_Customer_Tracker'!$B:$B,MATCH(B76,'01_Customer_Tracker'!$A:$A,0)),"")
A77: E076 | B77: C042 | C77: Riya Sharma | D77: Marketing | E77: 61770 | F77: 24708 | G77: 11987 | H77: 2329 | I77: 0 | J77: 909522164089 | K77: PNUJL7841C | L77: 114224999896 | M77: 28 | N77: 0 | O77: =IFERROR(INDEX('01_Customer_Tracker'!$B:$B,MATCH(B77,'01_Customer_Tracker'!$A:$A,0)),"")
A78: E077 | B78: C041 | C78: Riya Kapoor | D78: Operations | E78: 48851 | F78: 19540 | G78: 7465 | H78: 2983 | I78: 0 | J78: 117570532229 | K78: OSFFU1618W | L78: 995341792257 | M78: 28 | N78: 0 | O78: =IFERROR(INDEX('01_Customer_Tracker'!$B:$B,MATCH(B78,'01_Customer_Tracker'!$A:$A,0)),"")
A79: E078 | B79: C034 | C79: Nikhil Reddy | D79: Operations | E79: 24614 | F79: 9846 | G79: 5717 | H79: 1474 | I79: 0 | J79: 939417300664 | K79: GLIZO6530H | L79: 252819976395 | M79: 25 | N79: 0 | O79: =IFERROR(INDEX('01_Customer_Tracker'!$B:$B,MATCH(B79,'01_Customer_Tracker'!$A:$A,0)),"")
A80: E079 | B80: C002 | C80: Om Kulkarni | D80: Support | E80: 45215 | F80: 18086 | G80: 2123 | H80: 3017 | I80: 0 | J80: 200001949796 | K80: TEFVZ3382X | L80: 226049864220 | M80: 30 | N80: 0 | O80: =IFERROR(INDEX('01_Customer_Tracker'!$B:$B,MATCH(B80,'01_Customer_Tracker'!$A:$A,0)),"")
A81: E080 | B81: C045 | C81: Amit Pillai | D81: Operations | E81: 32644 | F81: 13058 | G81: 11583 | H81: 721 | I81: 0 | J81: 271951629292 | K81: ALZLS3277U | L81: 794664408905 | M81: 29 | N81: 0 | O81: =IFERROR(INDEX('01_Customer_Tracker'!$B:$B,MATCH(B81,'01_Customer_Tracker'!$A:$A,0)),"")
A82: E262 | B82: C017 | C82: Priya Pillai | D82: Support | E82: 30980 | F82: 12392 | G82: 8604 | H82: 10 | I82: 0 | J82: 994136994726 | K82: WBFFX5669S | L82: 180137804567 | M82: 29 | N82: 0 | O82: =IFERROR(INDEX('01_Customer_Tracker'!$B:$B,MATCH(B82,'01_Customer_Tracker'!$A:$A,0)),"")
A83: E082 | B83: C031 | C83: Aadhya Rao | D83: Sales | E83: 42865 | F83: 17146 | G83: 3984 | H83: 647 | I83: 3386 | J83: 484622904057 | K83: KTWNQ7646R | L83: 984688454381 | M83: 25 | N83: 0 | O83: =IFERROR(INDEX('01_Customer_Tracker'!$B:$B,MATCH(B83,'01_Customer_Tracker'!$A:$A,0)),"")
A84: E083 | B84: C035 | C84: Pari Iyer | D84: Marketing | E84: 20364 | F84: 8146 | G84: 4081 | H84: 1617 | I84: 0 | J84: 106810117470 | K84: SKMDF2563E | M84: 25 | N84: 0 | O84: =IFERROR(INDEX('01_Customer_Tracker'!$B:$B,MATCH(B84,'01_Customer_Tracker'!$A:$A,0)),"")
A85: E084 | B85: C016 | C85: Diya Iyer | D85: Marketing | E85: 55414 | F85: 22166 | G85: 9928 | H85: 2821 | I85: 1596 | J85: 262181066616 | K85: HDAYN4618Y | L85: 862003945456 | M85: 25 | N85: 0 | O85: =IFERROR(INDEX('01_Customer_Tracker'!$B:$B,MATCH(B85,'01_Customer_Tracker'!$A:$A,0)),"")
A86: E085 | B86: C042 | C86: Ananya Sharma | D86: Engineering | E86: 27145 | F86: 10858 | G86: 9759 | H86: 1387 | I86: 0 | J86: 218825044603 | K86: KXPWG8634B | L86: 145482389785 | M86: 25 | N86: 0 | O86: =IFERROR(INDEX('01_Customer_Tracker'!$B:$B,MATCH(B86,'01_Customer_Tracker'!$A:$A,0)),"")
A87: E086 | B87: C015 | C87: Dhruv Patel | D87: Engineering | E87: 61418 | F87: 24567 | G87: 7145 | H87: 3733 | I87: 730 | J87: 939126344370 | K87: UCSZL1510W | L87: 574711867064 | M87: 30 | N87: 0 | O87: =IFERROR(INDEX('01_Customer_Tracker'!$B:$B,MATCH(B87,'01_Customer_Tracker'!$A:$A,0)),"")
A88: E087 | B88: C022 | C88: Priya Reddy | D88: Support | E88: 61571 | F88: 24628 | G88: 4522 | H88: 2086 | I88: 707 | J88: 507846187610 | K88: RNNPW4555V | L88: 921838375311 | M88: 29 | N88: 2 | O88: =IFERROR(INDEX('01_Customer_Tracker'!$B:$B,MATCH(B88,'01_Customer_Tracker'!$A:$A,0)),"")
A89: E088 | B89: C043 | C89: Priya Nair | D89: HR | E89: 33972 | F89: 13589 | G89: 6992 | H89: 2164 | I89: 0 | J89: 961020022771 | K89: EASVX2410Z | L89: 416845606814 | M89: 26 | N89: 0 | O89: =IFERROR(INDEX('01_Customer_Tracker'!$B:$B,MATCH(B89,'01_Customer_Tracker'!$A:$A,0)),"")
A90: E089 | B90: C040 | C90: Om Verma | D90: Marketing | E90: 31657 | F90: 12663 | G90: 2484 | H90: 1512 | I90: 0 | J90: 291210797420 | K90: KNUPJ6489Z | L90: 895176852780 | M90: 29 | N90: 0 | O90: =IFERROR(INDEX('01_Customer_Tracker'!$B:$B,MATCH(B90,'01_Customer_Tracker'!$A:$A,0)),"")
A91: E090 | B91: C022 | C91: Saanvi Iyer | D91: Operations | E91: 32654 | F91: 13062 | G91: 7866 | H91: 768 | I91: 0 | J91: 34206332473 | K91: RLFXS3881O | L91: 546044570380 | M91: 27 | N91: 0 | O91: =IFERROR(INDEX('01_Customer_Tracker'!$B:$B,MATCH(B91,'01_Customer_Tracker'!$A:$A,0)),"")
A92: E091 | B92: C047 | C92: Aditya Pillai | D92: Marketing | E92: 71281 | F92: 28512 | G92: 1824 | H92: 4796 | I92: 0 | J92: 60371927199 | K92: KJTOG5722W | L92: 771461181062 | M92: 29 | N92: 2 | O92: =IFERROR(INDEX('01_Customer_Tracker'!$B:$B,MATCH(B92,'01_Customer_Tracker'!$A:$A,0)),"")
A93: E092 | B93: C026 | C93: Dhruv Joshi | D93: Operations | E93: 73445 | F93: 29378 | G93: 9890 | H93: 1443 | I93: 2445 | J93: 958930141034 | K93: ALSCQ4343T | L93: 578451626825 | M93: 24 | N93: 0 | O93: =IFERROR(INDEX('01_Customer_Tracker'!$B:$B,MATCH(B93,'01_Customer_Tracker'!$A:$A,0)),"")
A94: E093 | B94: C023 | C94: Riya Verma | D94: HR | E94: 38283 | F94: 15313 | G94: 3616 | H94: 52 | I94: 0 | J94: 356067975337 | K94: XZPDD3367Z | L94: 912603418866 | M94: 28 | N94: 0 | O94: =IFERROR(INDEX('01_Customer_Tracker'!$B:$B,MATCH(B94,'01_Customer_Tracker'!$A:$A,0)),"")
A95: E094 | B95: C039 | C95: Varun Pillai | D95: Sales | E95: 36822 | F95: 14729 | G95: 3723 | H95: 392 | I95: 540 | J95: 80591488842 | K95: BZCBA2192N | L95: 622216195068 | M95: 29 | N95: 0 | O95: =IFERROR(INDEX('01_Customer_Tracker'!$B:$B,MATCH(B95,'01_Customer_Tracker'!$A:$A,0)),"")
A96: E095 | B96: C033 | C96: Vivaan Bhatia | D96: Operations | E96: 81163 | F96: 32465 | G96: 4729 | H96: 4145 | I96: 0 | J96: 715622196822 | K96: KLSIE5208B | L96: 816914556821 | M96: 25 | N96: 0 | O96: =IFERROR(INDEX('01_Customer_Tracker'!$B:$B,MATCH(B96,'01_Customer_Tracker'!$A:$A,0)),"")
... A107: E106 | B107: C017 | C107: Ananya Desai | D107: Marketing | E107: 35627 | F107: 14251 | G107: 8716 | H107: 185 | I107: 5538 | J107: 31506221147 | K107: PAWCE5669P | L107: 500219225209 | M107: 28 | N107: 1 | O107: =IFERROR(INDEX('01_Customer_Tracker'!$B:$B,MATCH(B107,'01_Customer_Tracker'!$A:$A,0)),"")
A108: E107 | B108: C007 | C108: Navya Pillai | D108: HR | E108: 81978 | F108: 32791 | G108: 2824 | H108: 72 | I108: 3563 | K108: XRDXF8273R | L108: 752335140021 | M108: 25 | N108: 0 | O108: =IFERROR(INDEX('01_Customer_Tracker'!$B:$B,MATCH(B108,'01_Customer_Tracker'!$A:$A,0)),"")
A109: E108 | B109: C041 | C109: Aryan Agarwal | D109: Finance | E109: 56965 | F109: 22786 | G109: 4652 | H109: 4196 | I109: 0 | J109: 232171733747 | K109: MTBCJ5337S | L109: 116594022587 | M109: 26 | N109: 0 | O109: =IFERROR(INDEX('01_Customer_Tracker'!$B:$B,MATCH(B109,'01_Customer_Tracker'!$A:$A,0)),"")
A110: E109 | B110: C014 | C110: Anika Iyer | D110: HR | E110: 62369 | F110: 24948 | G110: 9654 | H110: 2604 | I110: 0 | J110: 111769719183 | K110: VWMQP7253G | L110: 138296635882 | M110: 30 | N110: 0 | O110: =IFERROR(INDEX('01_Customer_Tracker'!$B:$B,MATCH(B110,'01_Customer_Tracker'!$A:$A,0)),"")
A111: E110 | B111: C027 | C111: Ishaan Reddy | D111: Operations | E111: 21240 | F111: 8496 | G111: 3355 | H111: 237 | I111: 0 | J111: INVALID00 | K111: VPYNA3732Y | L111: 956735911071 | M111: 27 | N111: 0 | O111: =IFERROR(INDEX('01_Customer_Tracker'!$B:$B,MATCH(B111,'01_Customer_Tracker'!$A:$A,0)),"")
A112: E111 | B112: C004 | C112: Aarav Rao | D112: Marketing | E112: 29714 | F112: 11886 | G112: 11011 | H112: 552 | I112: 0 | J112: 87374578486 | K112: ZBWBP9443P | L112: 475528248872 | M112: 28 | N112: 1 | O112: =IFERROR(INDEX('01_Customer_Tracker'!$B:$B,MATCH(B112,'01_Customer_Tracker'!$A:$A,0)),"")
A113: E112 | B113: C049 | C113: Shaurya Rao | D113: HR | E113: 20626 | F113: 8250 | G113: 8880 | H113: 1204 | I113: 0 | J113: 477743990788 | K113: SNOIY9724D | L113: 432089697969 | M113: 29 | N113: 1 | O113: =IFERROR(INDEX('01_Customer_Tracker'!$B:$B,MATCH(B113,'01_Customer_Tracker'!$A:$A,0)),"")
A114: E113 | B114: C043 | C114: Ishaan Rao | D114: Finance | E114: 59483 | F114: 23793 | G114: 11396 | H114: 2479 | I114: 4404 | J114: 860965522083 | K114: RJFWU3175P | L114: 934003439272 | M114: 28 | N114: 0 | O114: =IFERROR(INDEX('01_Customer_Tracker'!$B:$B,MATCH(B114,'01_Customer_Tracker'!$A:$A,0)),"")
A115: E114 | B115: C047 | C115: Vihaan Desai | D115: HR | E115: 89048 | F115: 35619 | G115: 7194 | H115: 1072 | I115: 4025 | J115: 346338588271 | K115: RIBKM7789T | L115: 356610160373 | M115: 27 | N115: 0 | O115: =IFERROR(INDEX('01_Customer_Tracker'!$B:$B,MATCH(B115,'01_Customer_Tracker'!$A:$A,0)),"")
A116: E115 | B116: C041 | C116: Aadhya Rao | D116: Finance | E116: 38811 | F116: 15524 | G116: 10348 | H116: 109 | I116: 0 | J116: 654286643819 | K116: LEDJX7204M | M116: 25 | N116: 0 | O116: =IFERROR(INDEX('01_Customer_Tracker'!$B:$B,MATCH(B116,'01_Customer_Tracker'!$A:$A,0)),"")
A117: E116 | B117: C006 | C117: Reyansh Gupta | D117: Engineering | E117: 55675 | F117: 22270 | G117: 4509 | H117: 2025 | I117: 0 | J117: 420210234274 | K117: DONGH4831A | L117: 652947495881 | M117: 26 | N117: 0 | O117: =IFERROR(INDEX('01_Customer_Tracker'!$B:$B,MATCH(B117,'01_Customer_Tracker'!$A:$A,0)),"")
A118: E117 | B118: C041 | C118: Kiara Menon | D118: Engineering | E118: 45998 | F118: 18399 | G118: 1644 | H118: 1663 | I118: 0 | J118: 400131254426 | K118: GTVAJ8621N | L118: 634164033197 | M118: 25 | N118: 0 | O118: =IFERROR(INDEX('01_Customer_Tracker'!$B:$B,MATCH(B118,'01_Customer_Tracker'!$A:$A,0)),"")
A119: E118 | B119: C023 | C119: Aarav Menon | D119: Operations | E119: 79071 | F119: 31628 | G119: 5923 | H119: 4667 | I119: 0 | J119: 942980208299 | K119: CIAZP3223T | L119: 356326829784 | M119: 29 | N119: 0 | O119: =IFERROR(INDEX('01_Customer_Tracker'!$B:$B,MATCH(B119,'01_Customer_Tracker'!$A:$A,0)),"")
A120: E119 | B120: C022 | C120: Pooja Nair | D120: Marketing | E120: 88732 | F120: 35493 | G120: 11800 | H120: 5232 | I120: 0 | J120: 551517909701 | K120: BNDUI1826Z | L120: 114607410708 | M120: 24 | N120: 0 | O120: =IFERROR(INDEX('01_Customer_Tracker'!$B:$B,MATCH(B120,'01_Customer_Tracker'!$A:$A,0)),"")
A121: E120 | B121: C048 | C121: Navya Joshi | D121: Operations | E121: 15236 | F121: 6094 | G121: 6537 | H121: 184 | I121: 0 | J121: 139612099024 | K121: ZFBSY9867G | L121: 553657515907 | M121: 24 | N121: 0 | O121: =IFERROR(INDEX('01_Customer_Tracker'!$B:$B,MATCH(B121,'01_Customer_Tracker'!$A:$A,0)),"")
A122: E121 | B122: C041 | C122: Vihaan Sharma | D122: Marketing | E122: 69775 | F122: 27910 | G122: 6775 | H122: 5509 | I122: 5826 | J122: 509499787306 | K122: SWELD3515K | L122: 450900521984 | M122: 29 | N122: 0 | O122: =IFERROR(INDEX('01_Customer_Tracker'!$B:$B,MATCH(B122,'01_Customer_Tracker'!$A:$A,0)),"")
A123: E122 | B123: C050 | C123: Varun Chauhan | D123: Sales | E123: 28986 | F123: 11594 | G123: 8921 | H123: 698 | I123: 2419 | J123: 208181596278 | K123: KSRME5562R | L123: 337127885370 | M123: 27 | N123: 0 | O123: =IFERROR(INDEX('01_Customer_Tracker'!$B:$B,MATCH(B123,'01_Customer_Tracker'!$A:$A,0)),"")
A124: E123 | B124: C006 | C124: Kiara Patel | D124: Support | E124: 49518 | F124: 19807 | G124: 6398 | H124: 2586 | I124: 0 | J124: 576231119384 | K124: JGFBX4862I | L124: 135081439783 | M124: 27 | N124: 1 | O124: =IFERROR(INDEX('01_Customer_Tracker'!$B:$B,MATCH(B124,'01_Customer_Tracker'!$A:$A,0)),"")
A125: E124 | B125: C043 | C125: Rahul Iyer | D125: HR | E125: 71033 | F125: 28413 | G125: 5111 | H125: 742 | I125: 0 | J125: INVALID00 | K125: FPDSK7421R | L125: 407384435981 | M125: 30 | N125: 0 | O125: =IFERROR(INDEX('01_Customer_Tracker'!$B:$B,MATCH(B125,'01_Customer_Tracker'!$A:$A,0)),"")
A126: E125 | B126: C003 | C126: Kabir Pillai | D126: Finance | E126: 73644 | F126: 29458 | G126: 3368 | H126: 2647 | I126: 3678 | J126: 928391718428 | K126: PGGBY1974T | L126: 346515551745 | M126: 25 | N126: 1 | O126: =IFERROR(INDEX('01_Customer_Tracker'!$B:$B,MATCH(B126,'01_Customer_Tracker'!$A:$A,0)),"")
A127: E126 | B127: C028 | C127: Diya Nair | D127: Sales | E127: 83433 | F127: 33373 | G127: 5475 | H127: 2791 | I127: 2311 | J127: 334644644695 | K127: ICPAF2818H | L127: 991728788995 | M127: 29 | N127: 0 | O127: =IFERROR(INDEX('01_Customer_Tracker'!$B:$B,MATCH(B127,'01_Customer_Tracker'!$A:$A,0)),"")
A128: E127 | B128: C004 | C128: Vivaan Joshi | D128: Support | E128: 54886 | F128: 21954 | G128: 11299 | H128: 1381 | I128: 0 | J128: 767109121052 | K128: TVMXE4908D | L128: 825758855915 | M128: 0 | N128: 0 | O128: =IFERROR(INDEX('01_Customer_Tracker'!$B:$B,MATCH(B128,'01_Customer_Tracker'!$A:$A,0)),"")
... A133: E132 | B133: C003 | C133: Siddharth Gupta | D133: Operations | E133: 57289 | F133: 22916 | G133: 5524 | H133: 3304 | I133: 2021 | J133: 817742203307 | K133: PABNN3653G | L133: 696632006382 | M133: 26 | N133: 0 | O133: =IFERROR(INDEX('01_Customer_Tracker'!$B:$B,MATCH(B133,'01_Customer_Tracker'!$A:$A,0)),"")
A134: E133 | B134: C050 | C134: Arjun Nair | D134: Marketing | E134: 34405 | F134: 13762 | G134: 3452 | H134: 717 | I134: 0 | K134: IMLME7415C | L134: 999788803221 | M134: 29 | N134: 0 | O134: =IFERROR(INDEX('01_Customer_Tracker'!$B:$B,MATCH(B134,'01_Customer_Tracker'!$A:$A,0)),"")
A135: E134 | B135: C041 | C135: Navya Nair | D135: Finance | E135: 72815 | F135: 29126 | G135: 11184 | H135: 5364 | I135: 526 | J135: 930335865846 | K135: RYIII4196R | L135: 474545512060 | M135: 27 | N135: 1 | O135: =IFERROR(INDEX('01_Customer_Tracker'!$B:$B,MATCH(B135,'01_Customer_Tracker'!$A:$A,0)),"")
A136: E135 | B136: C037 | C136: Karan Agarwal | D136: Sales | E136: 50822 | F136: 20329 | G136: 8905 | H136: 2489 | I136: 402 | J136: 657193167850 | K136: CIPRL1846U | L136: 773663020203 | M136: 30 | N136: 0 | O136: =IFERROR(INDEX('01_Customer_Tracker'!$B:$B,MATCH(B136,'01_Customer_Tracker'!$A:$A,0)),"")
A137: E136 | B137: C023 | C137: Riya Gupta | D137: Support | E137: 39012 | F137: 15605 | G137: 11356 | H137: 1149 | I137: 0 | J137: 303899800652 | K137: VBMJO3290R | L137: 277263588357 | M137: 26 | N137: 0 | O137: =IFERROR(INDEX('01_Customer_Tracker'!$B:$B,MATCH(B137,'01_Customer_Tracker'!$A:$A,0)),"")
A138: E137 | B138: C006 | C138: Saanvi Bhatia | D138: Operations | E138: 44111 | F138: 17644 | G138: 4067 | H138: 1218 | I138: 0 | J138: 774141935434 | K138: AJHPG9694H | L138: 918817818864 | M138: 27 | N138: 0 | O138: =IFERROR(INDEX('01_Customer_Tracker'!$B:$B,MATCH(B138,'01_Customer_Tracker'!$A:$A,0)),"")
A139: E138 | B139: C021 | C139: Kiara Verma | D139: HR | E139: 47182 | F139: 18873 | G139: 11898 | H139: 2635 | I139: 0 | J139: 463792528249 | K139: ACLOA2138S | L139: 556909297715 | M139: 29 | N139: 0 | O139: =IFERROR(INDEX('01_Customer_Tracker'!$B:$B,MATCH(B139,'01_Customer_Tracker'!$A:$A,0)),"")
A140: E139 | B140: C023 | C140: Tanvi Agarwal | D140: HR | E140: 62171 | F140: 24868 | G140: 11229 | H140: 3045 | I140: 0 | J140: 844030451437 | K140: NWBAC6005S | L140: 874311301702 | M140: 25 | N140: 0 | O140: =IFERROR(INDEX('01_Customer_Tracker'!$B:$B,MATCH(B140,'01_Customer_Tracker'!$A:$A,0)),"")
A141: E140 | B141: C004 | C141: Riya Mehta | D141: Engineering | E141: 29107 | F141: 11643 | G141: 10918 | H141: 789 | I141: 0 | J141: 212315949759 | K141: RCMXS7877C | L141: 363080389086 | M141: 25 | N141: 0 | O141: =IFERROR(INDEX('01_Customer_Tracker'!$B:$B,MATCH(B141,'01_Customer_Tracker'!$A:$A,0)),"")
A142: E141 | B142: C005 | C142: Reyansh Rao | D142: HR | E142: 60789 | F142: 24316 | G142: 3753 | H142: 1495 | I142: 4164 | J142: 731197048232 | K142: BQBXA9599S | L142: 953986381433 | M142: 26 | N142: 0 | O142: =IFERROR(INDEX('01_Customer_Tracker'!$B:$B,MATCH(B142,'01_Customer_Tracker'!$A:$A,0)),"")
A143: E142 | B143: C037 | C143: Sneha Iyer | D143: Finance | E143: 80425 | F143: 32170 | G143: 6079 | H143: 594 | I143: 0 | J143: 436839447569 | K143: IHPQX6559Z | L143: 170868960894 | M143: 26 | N143: 1 | O143: =IFERROR(INDEX('01_Customer_Tracker'!$B:$B,MATCH(B143,'01_Customer_Tracker'!$A:$A,0)),"")
A144: E143 | B144: C014 | C144: Sneha Singh | D144: Sales | E144: 36560 | F144: 14624 | G144: 4384 | H144: 510 | I144: 0 | J144: 501325855400 | K144: QXVAY1602A | L144: 172249588363 | M144: 26 | N144: 0 | O144: =IFERROR(INDEX('01_Customer_Tracker'!$B:$B,MATCH(B144,'01_Customer_Tracker'!$A:$A,0)),"")
A145: E144 | B145: C024 | C145: Myra Chauhan | D145: Operations | E145: 30671 | F145: 12268 | G145: 2784 | H145: 485 | I145: 0 | J145: 503018307884 | K145: VPEJI8440H | L145: 485553381256 | M145: 24 | N145: 0 | O145: =IFERROR(INDEX('01_Customer_Tracker'!$B:$B,MATCH(B145,'01_Customer_Tracker'!$A:$A,0)),"")
A146: E145 | B146: C043 | C146: Ishaan Agarwal | D146: Support | E146: 42717 | F146: 17087 | G146: 7333 | H146: 1939 | I146: 1949 | J146: 78446780841 | K146: ENSYH1071S | L146: 159758451138 | M146: 30 | N146: 0 | O146: =IFERROR(INDEX('01_Customer_Tracker'!$B:$B,MATCH(B146,'01_Customer_Tracker'!$A:$A,0)),"")
... A165: E164 | B165: C031 | C165: Dhruv Gupta | D165: HR | E165: 71873 | F165: 28749 | G165: 11475 | H165: 1872 | I165: 0 | J165: 34789800975 | K165: HGGGM8855A | L165: 655902514497 | M165: 28 | N165: 0 | O165: =IFERROR(INDEX('01_Customer_Tracker'!$B:$B,MATCH(B165,'01_Customer_Tracker'!$A:$A,0)),"")
A166: E165 | B166: C002 | C166: Advait Iyer | D166: Finance | E166: 65765 | F166: 26306 | G166: 7841 | H166: 1699 | I166: 2376 | K166: LRCZJ1142R | L166: 775907877593 | M166: 27 | N166: 0 | O166: =IFERROR(INDEX('01_Customer_Tracker'!$B:$B,MATCH(B166,'01_Customer_Tracker'!$A:$A,0)),"")
A167: E166 | B167: C006 | C167: Kiara Joshi | D167: Sales | E167: 61493 | F167: 24597 | G167: 4246 | H167: 3427 | I167: 0 | J167: 131066641830 | K167: DYJAH8524J | L167: 275165390444 | M167: 24 | N167: 1 | O167: =IFERROR(INDEX('01_Customer_Tracker'!$B:$B,MATCH(B167,'01_Customer_Tracker'!$A:$A,0)),"")
A168: E167 | B168: C050 | C168: Anika Agarwal | D168: Operations | E168: 30345 | F168: 12138 | G168: 3242 | H168: 485 | I168: 0 | J168: 769984422370 | K168: LQXUQ8766D | L168: 365851715238 | M168: 29 | N168: 2 | O168: =IFERROR(INDEX('01_Customer_Tracker'!$B:$B,MATCH(B168,'01_Customer_Tracker'!$A:$A,0)),"")
...

Sheet 03_Payroll_Register
A1: employee_id | B1: customer_id | C1: gross_earnings | D1: expected_net_pay | E1: processed_net_pay | F1: pf_deduction | G1: esi_deduction | H1: pt_deduction | I1: tds_deduction | J1: variance | K1: department | L1: bank_account_no
A2: E001 | B2: C041 | C2: 59732 | D2: 55431 | E2: 55431 | F2: 4101 | G2: 0 | H2: 200 | I2: 0 | J2: 0 | K2: =IFERROR(INDEX('02_Employee_Master'!$D:$D,MATCH(A2,'02_Employee_Master'!$A:$A,0)),"") | L2: =IFERROR(INDEX('02_Employee_Master'!$J:$J,MATCH(A2,'02_Employee_Master'!$A:$A,0)),"")
A3: E002 | B3: C032 | C3: 136733 | D3: 119344 | E3: 119344 | F3: 10242 | G3: 0 | H3: 200 | I3: 4102 | J3: 0 | K3: =IFERROR(INDEX('02_Employee_Master'!$D:$D,MATCH(A3,'02_Employee_Master'!$A:$A,0)),"") | L3: =IFERROR(INDEX('02_Employee_Master'!$J:$J,MATCH(A3,'02_Employee_Master'!$A:$A,0)),"")
A4: E003 | B4: C046 | C4: 128298 | D4: 114369 | E4: 114369 | F4: 9880 | G4: 0 | H4: 200 | I4: 3849 | J4: 0 | K4: =IFERROR(INDEX('02_Employee_Master'!$D:$D,MATCH(A4,'02_Employee_Master'!$A:$A,0)),"") | L4: =IFERROR(INDEX('02_Employee_Master'!$J:$J,MATCH(A4,'02_Employee_Master'!$A:$A,0)),"")
A5: E004 | B5: C032 | C5: 63160 | D5: 55497 | E5: 55497 | F5: 4798 | G5: 0 | H5: 200 | I5: 0 | J5: 0 | K5: =IFERROR(INDEX('02_Employee_Master'!$D:$D,MATCH(A5,'02_Employee_Master'!$A:$A,0)),"") | L5: =IFERROR(INDEX('02_Employee_Master'!$J:$J,MATCH(A5,'02_Employee_Master'!$A:$A,0)),"")
A6: E005 | B6: C048 | C6: 75711 | D6: 69367 | E6: 69334 | F6: 6144 | G6: 0 | H6: 200 | I6: 0 | J6: -33 | K6: =IFERROR(INDEX('02_Employee_Master'!$D:$D,MATCH(A6,'02_Employee_Master'!$A:$A,0)),"") | L6: =IFERROR(INDEX('02_Employee_Master'!$J:$J,MATCH(A6,'02_Employee_Master'!$A:$A,0)),"")
A7: E006 | B7: C038 | C7: 93795 | D7: 86214 | E7: 86214 | F7: 7381 | G7: 0 | H7: 200 | I7: 0 | J7: 0 | K7: =IFERROR(INDEX('02_Employee_Master'!$D:$D,MATCH(A7,'02_Employee_Master'!$A:$A,0)),"") | L7: =IFERROR(INDEX('02_Employee_Master'!$J:$J,MATCH(A7,'02_Employee_Master'!$A:$A,0)),"")
A8: E007 | B8: C030 | C8: 54308 | D8: 50020 | E8: 50020 | F8: 4088 | G8: 0 | H8: 200 | I8: 0 | J8: 0 | K8: =IFERROR(INDEX('02_Employee_Master'!$D:$D,MATCH(A8,'02_Employee_Master'!$A:$A,0)),"") | L8: =IFERROR(INDEX('02_Employee_Master'!$J:$J,MATCH(A8,'02_Employee_Master'!$A:$A,0)),"")
A9: E008 | B9: C005 | C9: 78986 | D9: 73260 | E9: 67734 | F9: 5526 | G9: 0 | H9: 200 | I9: 0 | J9: -5526 | K9: =IFERROR(INDEX('02_Employee_Master'!$D:$D,MATCH(A9,'02_Employee_Master'!$A:$A,0)),"") | L9: =IFERROR(INDEX('02_Employee_Master'!$J:$J,MATCH(A9,'02_Employee_Master'!$A:$A,0)),"")
A10: E009 | B10: C012 | C10: 45517 | D10: 42186 | E10: 42186 | F10: 3131 | G10: 0 | H10: 200 | I10: 0 | J10: 0 | K10: =IFERROR(INDEX('02_Employee_Master'!$D:$D,MATCH(A10,'02_Employee_Master'!$A:$A,0)),"") | L10: =IFERROR(INDEX('02_Employee_Master'!$J:$J,MATCH(A10,'02_Employee_Master'!$A:$A,0)),"")
A11: E191 | B11: C030 | C11: 43597 | D11: 40455 | E11: 40455 | F11: 2942 | G11: 0 | H11: 200 | I11: 0 | J11: 0 | K11: =IFERROR(INDEX('02_Employee_Master'!$D:$D,MATCH(A11,'02_Employee_Master'!$A:$A,0)),"") | L11: =IFERROR(INDEX('02_Employee_Master'!$J:$J,MATCH(A11,'02_Employee_Master'!$A:$A,0)),"")
A12: E011 | B12: C009 | C12: 30815 | D12: 28652 | E12: 23568 | F12: 1963 | G12: 0 | H12: 200 | I12: 0 | J12: -5084 | K12: =IFERROR(INDEX('02_Employee_Master'!$D:$D,MATCH(A12,'02_Employee_Master'!$A:$A,0)),"") | L12: =IFERROR(INDEX('02_Employee_Master'!$J:$J,MATCH(A12,'02_Employee_Master'!$A:$A,0)),"")
A13: E012 | B13: C031 | C13: 108998 | D13: 97269 | E13: 97269 | F13: 8259 | G13: 0 | H13: 200 | I13: 3270 | J13: 0 | K13: =IFERROR(INDEX('02_Employee_Master'!$D:$D,MATCH(A13,'02_Employee_Master'!$A:$A,0)),"") | L13: =IFERROR(INDEX('02_Employee_Master'!$J:$J,MATCH(A13,'02_Employee_Master'!$A:$A,0)),"")
... A301: E300 | B301: C010 | C301: 48438 | D301: 44465 | E301: 44465 | F301: 3773 | G301: 0 | H301: 200 | I301: 0 | J301: 0 | K301: =IFERROR(INDEX('02_Employee_Master'!$D:$D,MATCH(A301,'02_Employee_Master'!$A:$A,0)),"") | L301: =IFERROR(INDEX('02_Employee_Master'!$J:$J,MATCH(A301,'02_Employee_Master'!$A:$A,0)),"")

Sheet 04_Task_Pipeline
A1: task_id | B1: customer_id | C1: task_name | D1: owner | E1: due_date | F1: status | G1: company_name
A2: T0001 | B2: C001 | C2: Company Info & KYC | D2: Customer | E2: 46247 | F2: Completed | G2: =IFERROR(INDEX('01_Customer_Tracker'!$B:$B,MATCH(B2,'01_Customer_Tracker'!$A:$A,0)),"")
A3: T0002 | B3: C001 | C3: Document Collection | D3: Customer | E3: 46250 | F3: Completed | G3: =IFERROR(INDEX('01_Customer_Tracker'!$B:$B,MATCH(B3,'01_Customer_Tracker'!$A:$A,0)),"")
A4: T0003 | B4: C001 | C4: Employee Data Upload | D4: Customer | E4: 46254 | F4: Completed | G4: =IFERROR(INDEX('01_Customer_Tracker'!$B:$B,MATCH(B4,'01_Customer_Tracker'!$A:$A,0)),"")
A5: T0004 | B5: C001 | C5: Bank Details Verification | D5: Ops | E5: 46258 | F5: Completed | G5: =IFERROR(INDEX('01_Customer_Tracker'!$B:$B,MATCH(B5,'01_Customer_Tracker'!$A:$A,0)),"")
A6: T0005 | B6: C001 | C6: PAN / UAN Verification | D6: Ops | E6: 46260 | F6: Completed | G6: =IFERROR(INDEX('01_Customer_Tracker'!$B:$B,MATCH(B6,'01_Customer_Tracker'!$A:$A,0)),"")
A7: T0006 | B7: C001 | C7: Attendance & Leave Config | D7: Payroll Ops | E7: 46264 | F7: Completed | G7: =IFERROR(INDEX('01_Customer_Tracker'!$B:$B,MATCH(B7,'01_Customer_Tracker'!$A:$A,0)),"")
A8: T0007 | B8: C001 | C8: Salary Structure Mapping | D8: Payroll Ops | E8: 46267 | F8: Completed | G8: =IFERROR(INDEX('01_Customer_Tracker'!$B:$B,MATCH(B8,'01_Customer_Tracker'!$A:$A,0)),"")
A9: T0008 | B9: C001 | C9: Pre-run Reconciliation | D9: Payroll Ops | E9: 46272 | F9: Completed | G9: =IFERROR(INDEX('01_Customer_Tracker'!$B:$B,MATCH(B9,'01_Customer_Tracker'!$A:$A,0)),"")
A10: T0009 | B10: C001 | C10: Customer Approval Sign-off | D10: Customer | E10: 46276 | F10: Blocked | G10: =IFERROR(INDEX('01_Customer_Tracker'!$B:$B,MATCH(B10,'01_Customer_Tracker'!$A:$A,0)),"")
A11: T0010 | B11: C002 | C11: Company Info & KYC | D11: Customer | E11: 46229 | F11: Completed | G11: =IFERROR(INDEX('01_Customer_Tracker'!$B:$B,MATCH(B11,'01_Customer_Tracker'!$A:$A,0)),"")
A12: T0011 | B12: C002 | C12: Document Collection | D12: Customer | E12: 46232 | F12: Pending | G12: =IFERROR(INDEX('01_Customer_Tracker'!$B:$B,MATCH(B12,'01_Customer_Tracker'!$A:$A,0)),"")
A13: T0012 | B13: C002 | C13: Employee Data Upload | D13: Customer | E13: 46236 | F13: Pending | G13: =IFERROR(INDEX('01_Customer_Tracker'!$B:$B,MATCH(B13,'01_Customer_Tracker'!$A:$A,0)),"")
... A451: T0450 | B451: C050 | C451: Customer Approval Sign-off | D451: Customer | E451: 46274 | F451: Pending | G451: =IFERROR(INDEX('01_Customer_Tracker'!$B:$B,MATCH(B451,'01_Customer_Tracker'!$A:$A,0)),"")

Sheet 05_Exception_Log
A1: customer_id | B1: employee_id | C1: exception_type | D1: severity | E1: recommended_action | F1: company_name
A2: C038 | B2: E006 | C2: Missing UAN | D2: High | E2: Collect UAN or trigger new UAN generation via EPFO portal. | F2: =IFERROR(INDEX('01_Customer_Tracker'!$B:$B,MATCH(A2,'01_Customer_Tracker'!$A:$A,0)),"")
A3: C005 | B3: E008 | C3: Missing Bank Account | D3: Critical | E3: Request updated bank mandate from customer before payroll lock. | F3: =IFERROR(INDEX('01_Customer_Tracker'!$B:$B,MATCH(A3,'01_Customer_Tracker'!$A:$A,0)),"")
A4: C048 | B4: E013 | C4: Missing PAN | D4: High | E4: Collect PAN copy; required for statutory TDS mapping. | F4: =IFERROR(INDEX('01_Customer_Tracker'!$B:$B,MATCH(A4,'01_Customer_Tracker'!$A:$A,0)),"")
A5: C031 | B5: E019 | C5: Missing PAN | D5: High | E5: Collect PAN copy; required for statutory TDS mapping. | F5: =IFERROR(INDEX('01_Customer_Tracker'!$B:$B,MATCH(A5,'01_Customer_Tracker'!$A:$A,0)),"")
A6: C031 | B6: E054 | C6: Zero Attendance Days | D6: Medium | E6: Confirm attendance feed was received for this employee before payroll run. | F6: =IFERROR(INDEX('01_Customer_Tracker'!$B:$B,MATCH(A6,'01_Customer_Tracker'!$A:$A,0)),"")
A7: C030 | B7: E060 | C7: Zero Attendance Days | D7: Medium | E7: Confirm attendance feed was received for this employee before payroll run. | F7: =IFERROR(INDEX('01_Customer_Tracker'!$B:$B,MATCH(A7,'01_Customer_Tracker'!$A:$A,0)),"")
A8: C048 | B8: E069 | C8: Missing Bank Account | D8: Critical | E8: Request updated bank mandate from customer before payroll lock. | F8: =IFERROR(INDEX('01_Customer_Tracker'!$B:$B,MATCH(A8,'01_Customer_Tracker'!$A:$A,0)),"")
A9: C023 | B9: E071 | C9: Overtime Outlier (>50% of Basic) | D9: Medium | E9: Escalate to customer for overtime approval before disbursal. | F9: =IFERROR(INDEX('01_Customer_Tracker'!$B:$B,MATCH(A9,'01_Customer_Tracker'!$A:$A,0)),"")
A10: C035 | B10: E083 | C10: Missing UAN | D10: High | E10: Collect UAN or trigger new UAN generation via EPFO portal. | F10: =IFERROR(INDEX('01_Customer_Tracker'!$B:$B,MATCH(A10,'01_Customer_Tracker'!$A:$A,0)),"")
A11: C007 | B11: E107 | C11: Missing Bank Account | D11: Critical | E11: Request updated bank mandate from customer before payroll lock. | F11: =IFERROR(INDEX('01_Customer_Tracker'!$B:$B,MATCH(A11,'01_Customer_Tracker'!$A:$A,0)),"")
A12: C027 | B12: E110 | C12: Invalid Bank Account Format | D12: Critical | E12: Re-verify account number with customer HR/finance POC. | F12: =IFERROR(INDEX('01_Customer_Tracker'!$B:$B,MATCH(A12,'01_Customer_Tracker'!$A:$A,0)),"")
A13: C041 | B13: E115 | C13: Missing UAN | D13: High | E13: Collect UAN or trigger new UAN generation via EPFO portal. | F13: =IFERROR(INDEX('01_Customer_Tracker'!$B:$B,MATCH(A13,'01_Customer_Tracker'!$A:$A,0)),"")
... A41: C033 | B41: E178 | C41: Duplicate Employee ID | D41: Critical | E41: Reissue a unique employee ID; duplicate IDs will corrupt payroll register keys. | F41: =IFERROR(INDEX('01_Customer_Tracker'!$B:$B,MATCH(A41,'01_Customer_Tracker'!$A:$A,0)),"")

Sheet 06_Reconciliation_Summary
A1: customer_id | B1: company_name | C1: expected_gross | D1: expected_net | E1: processed_net | F1: variance | G1: reconciliation_status | H1: sumifs_expected_net_check | I1: sumifs_processed_net_check
A2: C001 | B2: =IFERROR(INDEX('01_Customer_Tracker'!$B:$B,MATCH(A2,'01_Customer_Tracker'!$A:$A,0)),"") | C2: 203302 | D2: 187507 | E2: 187507 | F2: 0 | G2: Reconciled | H2: =SUMIFS('03_Payroll_Register'!$D:$D,'03_Payroll_Register'!$B:$B,A2) | I2: =SUMIFS('03_Payroll_Register'!$E:$E,'03_Payroll_Register'!$B:$B,A2)
A3: C002 | B3: =IFERROR(INDEX('01_Customer_Tracker'!$B:$B,MATCH(A3,'01_Customer_Tracker'!$A:$A,0)),"") | C3: 610706 | D3: 559868 | E3: 559868 | F3: 0 | G3: Reconciled | H3: =SUMIFS('03_Payroll_Register'!$D:$D,'03_Payroll_Register'!$B:$B,A3) | I3: =SUMIFS('03_Payroll_Register'!$E:$E,'03_Payroll_Register'!$B:$B,A3)
A4: C003 | B4: =IFERROR(INDEX('01_Customer_Tracker'!$B:$B,MATCH(A4,'01_Customer_Tracker'!$A:$A,0)),"") | C4: 884519 | D4: 790818 | E4: 790818 | F4: 0 | G4: Reconciled | H4: =SUMIFS('03_Payroll_Register'!$D:$D,'03_Payroll_Register'!$B:$B,A4) | I4: =SUMIFS('03_Payroll_Register'!$E:$E,'03_Payroll_Register'!$B:$B,A4)
A5: C004 | B5: =IFERROR(INDEX('01_Customer_Tracker'!$B:$B,MATCH(A5,'01_Customer_Tracker'!$A:$A,0)),"") | C5: 325535 | D5: 296204 | E5: 296204 | F5: 0 | G5: Reconciled | H5: =SUMIFS('03_Payroll_Register'!$D:$D,'03_Payroll_Register'!$B:$B,A5) | I5: =SUMIFS('03_Payroll_Register'!$E:$E,'03_Payroll_Register'!$B:$B,A5)
A6: C005 | B6: =IFERROR(INDEX('01_Customer_Tracker'!$B:$B,MATCH(A6,'01_Customer_Tracker'!$A:$A,0)),"") | C6: 1186939 | D6: 1076239 | E6: 987007 | F6: -89232 | G6: Unreconciled | H6: =SUMIFS('03_Payroll_Register'!$D:$D,'03_Payroll_Register'!$B:$B,A6) | I6: =SUMIFS('03_Payroll_Register'!$E:$E,'03_Payroll_Register'!$B:$B,A6)
A7: C006 | B7: =IFERROR(INDEX('01_Customer_Tracker'!$B:$B,MATCH(A7,'01_Customer_Tracker'!$A:$A,0)),"") | C7: 1115311 | D7: 1003597 | E7: 1002874 | F7: -723 | G7: Unreconciled | H7: =SUMIFS('03_Payroll_Register'!$D:$D,'03_Payroll_Register'!$B:$B,A7) | I7: =SUMIFS('03_Payroll_Register'!$E:$E,'03_Payroll_Register'!$B:$B,A7)
A8: C007 | B8: =IFERROR(INDEX('01_Customer_Tracker'!$B:$B,MATCH(A8,'01_Customer_Tracker'!$A:$A,0)),"") | C8: 832957 | D8: 740009 | E8: 740009 | F8: 0 | G8: Reconciled | H8: =SUMIFS('03_Payroll_Register'!$D:$D,'03_Payroll_Register'!$B:$B,A8) | I8: =SUMIFS('03_Payroll_Register'!$E:$E,'03_Payroll_Register'!$B:$B,A8)
A9: C008 | B9: =IFERROR(INDEX('01_Customer_Tracker'!$B:$B,MATCH(A9,'01_Customer_Tracker'!$A:$A,0)),"") | C9: 350406 | D9: 314162 | E9: 314162 | F9: 0 | G9: Reconciled | H9: =SUMIFS('03_Payroll_Register'!$D:$D,'03_Payroll_Register'!$B:$B,A9) | I9: =SUMIFS('03_Payroll_Register'!$E:$E,'03_Payroll_Register'!$B:$B,A9)
A10: C009 | B10: =IFERROR(INDEX('01_Customer_Tracker'!$B:$B,MATCH(A10,'01_Customer_Tracker'!$A:$A,0)),"") | C10: 232314 | D10: 211011 | E10: 199521 | F10: -11490 | G10: Unreconciled | H10: =SUMIFS('03_Payroll_Register'!$D:$D,'03_Payroll_Register'!$B:$B,A10) | I10: =SUMIFS('03_Payroll_Register'!$E:$E,'03_Payroll_Register'!$B:$B,A10)
A11: C010 | B11: =IFERROR(INDEX('01_Customer_Tracker'!$B:$B,MATCH(A11,'01_Customer_Tracker'!$A:$A,0)),"") | C11: 245610 | D11: 222375 | E11: 222375 | F11: 0 | G11: Reconciled | H11: =SUMIFS('03_Payroll_Register'!$D:$D,'03_Payroll_Register'!$B:$B,A11) | I11: =SUMIFS('03_Payroll_Register'!$E:$E,'03_Payroll_Register'!$B:$B,A11)
A12: C011 | B12: =IFERROR(INDEX('01_Customer_Tracker'!$B:$B,MATCH(A12,'01_Customer_Tracker'!$A:$A,0)),"") | C12: 194043 | D12: 178801 | E12: 178801 | F12: 0 | G12: Reconciled | H12: =SUMIFS('03_Payroll_Register'!$D:$D,'03_Payroll_Register'!$B:$B,A12) | I12: =SUMIFS('03_Payroll_Register'!$E:$E,'03_Payroll_Register'!$B:$B,A12)
A13: C012 | B13: =IFERROR(INDEX('01_Customer_Tracker'!$B:$B,MATCH(A13,'01_Customer_Tracker'!$A:$A,0)),"") | C13: 841107 | D13: 762183 | E13: 762183 | F13: 0 | G13: Reconciled | H13: =SUMIFS('03_Payroll_Register'!$D:$D,'03_Payroll_Register'!$B:$B,A13) | I13: =SUMIFS('03_Payroll_Register'!$E:$E,'03_Payroll_Register'!$B:$B,A13)
... A51: C050 | B51: =IFERROR(INDEX('01_Customer_Tracker'!$B:$B,MATCH(A51,'01_Customer_Tracker'!$A:$A,0)),"") | C51: 486308 | D51: 442462 | E51: 442462 | F51: 0 | G51: Reconciled | H51: =SUMIFS('03_Payroll_Register'!$D:$D,'03_Payroll_Register'!$B:$B,A51) | I51: =SUMIFS('03_Payroll_Register'!$E:$E,'03_Payroll_Register'!$B:$B,A51)

Sheet 07_KPI_Dashboard
B2: PayFlow — Payroll Operations KPI Dashboard
B4: Onboarding Pipeline
B5: Total Onboarding Accounts | C5: =COUNTA('01_Customer_Tracker'!$A$2:$A$51)
B6: On Track | C6: =COUNTIF('01_Customer_Tracker'!$H:$H,"On Track")
B7: At Risk | C7: =COUNTIF('01_Customer_Tracker'!$H:$H,"At Risk")
B8: Blocked | C8: =COUNTIF('01_Customer_Tracker'!$H:$H,"Blocked")
B9: Completed | C9: =COUNTIF('01_Customer_Tracker'!$H:$H,"Completed")
B10: SLA Breach (recomputed) | C10: =COUNTIF('01_Customer_Tracker'!$N:$N,"SLA Breach")
B11: Average Task Completion % | C11: =AVERAGE('01_Customer_Tracker'!$K:$K)
B13: Payroll Reconciliation
B14: Reconciled Accounts | C14: =COUNTIF('06_Reconciliation_Summary'!$G:$G,"Reconciled")
B15: Under Review | C15: =COUNTIF('06_Reconciliation_Summary'!$G:$G,"Under Review")
B16: Unreconciled | C16: =COUNTIF('06_Reconciliation_Summary'!$G:$G,"Unreconciled")
B17: Total Expected Gross (₹) | C17: =SUM('06_Reconciliation_Summary'!$C:$C)
B18: Total Expected Net (₹) | C18: =SUM('06_Reconciliation_Summary'!$D:$D)
B19: Total Processed Net (₹) | C19: =SUM('06_Reconciliation_Summary'!$E:$E)
B20: Total Net Variance (₹) | C20: =SUM('06_Reconciliation_Summary'!$F:$F)
B22: Exception Severity
B23: Critical Exceptions | C23: =COUNTIF('05_Exception_Log'!$D:$D,"Critical")
B24: High Exceptions | C24: =COUNTIF('05_Exception_Log'!$D:$D,"High")
B25: Medium Exceptions | C25: =COUNTIF('05_Exception_Log'!$D:$D,"Medium")
B26: Total Exceptions Logged | C26: =COUNTA('05_Exception_Log'!$A$2:$A$100000)
